{
    "Men":[
        {
            "Name":"Jacket",
            "img":"<img src='../images/products images/Men Products/Menjacket.jpeg' alt='jacket' width='40%'>",
           "Size": 36,
           "Color":["Black","Red", "Yellow", "Blue", "Green" , "White"] 
        
           },
           {
            "Name":"shoes",
            "img":"<img src='../images/products images/Men Products/shoe2.jpg' alt='imgshoe1' width='40%'>",
           "Size": 56,
           "Color":["Black","Red", "Yellow", "Blue", "Green" , "White"] 
        
           },
           {
            "Name":"Pants",
            "img":"<img src='../images/products images/Men Products/MenPants.jpeg' alt='Men Pants' width='40%'>",
           "Size": 26,
           "Color":["Black","Red", "Yellow", "Blue", "Green" , "White"] 
        
           },
           {
            "Name":"Shrit",
            "img":"<img src='../images/products images/Men Products/Menshrit.jpg' alt='Men Pants' width='40%'>",
           "Size": 26,
           "Color":["Black","Red", "Yellow", "Blue", "Green" , "White"] 
            }
        ],
        "Women":[
            {
                "Name":"Jacket",
                "img":"<img src='../images/products images/women Products/women jacket.webp' alt='women jacket' width='40%'>",
               "Size": 28,
               "Color":["Black","Red", "Yellow", "Blue", "Green" , "White"]   
            },
            {
                "Name":"collection",
                "img":"<img src='../images/products images/women Products/women collection.jpg' alt='women collection' width='40%'>",
               "Size": "Perfect",
               "Color":["Black","Red", "Yellow", "Blue", "Green" , "White"]   
            },
            {
                "Name":"Bike",
                "img":"<img src='../images/products images/women Products/women bike.jpeg' alt='women Bike' width='40%'>",
               "Size": " Medium",
               "Color":["Black","Red", "Yellow", "Blue", "Green" , "White"]   
            },
            {
                "Name":"out of stock",
                "img":"<img src='../images/products images/women Products/women outofStock.jpg' alt='women glasses' width='40%'>",
               "Size": "slim Fit",
               "Color":["Black","Red", "Yellow", "Blue", "Green" , "White"]   
            }
            
        ],"HomeProducts":[
            {
                "Name":"Fridge",
                "img":"<img src='../images/products images/home items/fridge.webp' alt='fridge' width='40%'>",
               "Size": 28,
               "Color":["Black","Red", "Yellow", "Blue", "Green" , "White"]   
            }
        ],"Solar":[
            {
                "Name":"Panels",
                "img":"<img src='../images/products images/solar/solarPanel.webp' alt='solarpanel' width='40%'>",
               "Size": 18,
               "Color":["Black","Red", "Yellow", "Blue", "Green" , "White"]   
            }
        ],"BacktoSchool":[
            {
                "Name":"Pencils",
                "img":"<img src='../images/products images/back to school/backToschoolitem1.jpg' alt='Pencils' width='40%'>",
               "Size": 28,
               "Color":["Black","Red", "Yellow", "Blue", "Green" , "White"]   
            }
        ],"KidsToys":[
            {
                "Name":"Toys",
                "img":"<img src='../images/products images/kids items/kidItem1.webp' alt='toys' width='40%'>",
               "Size": "All ages",
               "Color":["Black","Red", "Yellow", "Blue", "Green" , "White"]   
            }
        ]
} 

